{
  "Total" : {
    "transaction" : "Total",
    "sampleCount" : 2,
    "errorCount" : 0,
    "errorPct" : 0.0,
    "meanResTime" : 927.0,
    "medianResTime" : 927.0,
    "minResTime" : 635.0,
    "maxResTime" : 1219.0,
    "pct1ResTime" : 1219.0,
    "pct2ResTime" : 1219.0,
    "pct3ResTime" : 1219.0,
    "throughput" : 1.0706638115631693,
    "receivedKBytesPerSec" : 2.1225073608137044,
    "sentKBytesPerSec" : 0.5039648019271948
  },
  "Launch-1744791621186" : {
    "transaction" : "Launch-1744791621186",
    "sampleCount" : 1,
    "errorCount" : 0,
    "errorPct" : 0.0,
    "meanResTime" : 1219.0,
    "medianResTime" : 1219.0,
    "minResTime" : 1219.0,
    "maxResTime" : 1219.0,
    "pct1ResTime" : 1219.0,
    "pct2ResTime" : 1219.0,
    "pct3ResTime" : 1219.0,
    "throughput" : 0.8203445447087777,
    "receivedKBytesPerSec" : 1.8361618129614437,
    "sentKBytesPerSec" : 0.3613040914684167
  },
  "DestinationPage-1744791621830" : {
    "transaction" : "DestinationPage-1744791621830",
    "sampleCount" : 1,
    "errorCount" : 0,
    "errorPct" : 0.0,
    "meanResTime" : 635.0,
    "medianResTime" : 635.0,
    "minResTime" : 635.0,
    "maxResTime" : 635.0,
    "pct1ResTime" : 635.0,
    "pct2ResTime" : 635.0,
    "pct3ResTime" : 635.0,
    "throughput" : 1.574803149606299,
    "receivedKBytesPerSec" : 2.718996062992126,
    "sentKBytesPerSec" : 0.788939468503937
  }
}